{"cameraMode":{"drawMode":0,"name":"Shaded","section":"Shading Mode"},"sceneLighting":true,"audioPlay":false,"sceneViewState":{"m_AlwaysRefresh":false,"showFog":true,"showSkybox":true,"showFlares":true,"showImageEffects":true,"showParticleSystems":true,"showVisualEffectGraphs":true,"m_FxEnabled":true},"in2DMode":false,"pivot":{"x":0.29412105679512026,"y":0.9447752833366394,"z":-10.731634140014649},"rotation":{"x":-0.022690284997224809,"y":0.10089952498674393,"z":-0.002309946110472083,"w":-0.9946425557136536},"size":1.5853854417800904,"orthographic":false}